City_ID,City,Country,Date,Lat,Lng,Max Temp,Humidity,Cloudiness,Wind Speed
0,Ushuaia,AR,2022-10-24 17:14:59,-54.8,-68.3,47.82,53,75,3.44
1,Georgetown,MY,2022-10-24 17:15:02,5.4112,100.3354,82.89,85,40,4.61
2,Sao Filipe,CV,2022-10-24 17:19:53,14.8961,-24.4956,78.53,74,17,7.0
3,Port Hawkesbury,CA,2022-10-24 17:19:53,45.6169,-61.3485,62.87,67,100,1.07
4,Crib Point,AU,2022-10-24 17:19:54,-38.35,145.2,62.65,93,100,11.88
5,Bambous Virieux,MU,2022-10-24 17:19:54,-20.3428,57.7575,73.22,72,5,8.5
6,Keetmanshoop,NA,2022-10-24 17:19:55,-26.5833,18.1333,87.49,8,59,17.72
7,Albany,US,2022-10-24 17:15:32,42.6001,-73.9662,60.17,91,100,2.42
8,Nikolskoye,RU,2022-10-24 17:19:55,59.7035,30.7861,33.69,83,84,3.0
9,Bluff,NZ,2022-10-24 17:19:56,-46.6,168.3333,39.87,76,3,6.69
10,Cape Town,ZA,2022-10-24 17:19:29,-33.9258,18.4232,67.1,74,48,11.99
11,Ribeira Grande,PT,2022-10-24 17:19:56,38.5167,-28.7,64.8,63,75,10.36
12,Ayan,RU,2022-10-24 17:19:57,56.45,138.1667,31.23,57,30,5.03
13,Hermanus,ZA,2022-10-24 17:19:58,-34.4187,19.2345,67.8,86,19,9.51
14,Punta Arenas,CL,2022-10-24 17:17:31,-53.15,-70.9167,51.91,50,75,24.16
15,Yellowknife,CA,2022-10-24 17:15:06,62.456,-114.3525,26.56,86,86,8.01
16,East London,ZA,2022-10-24 17:19:58,-33.0153,27.9116,70.66,81,20,17.52
17,Sola,VU,2022-10-24 17:19:59,-13.8833,167.55,80.29,77,74,10.87
18,Jamestown,US,2022-10-24 17:19:06,42.097,-79.2353,72.01,54,0,4.61
19,Mataura,NZ,2022-10-24 17:19:59,-46.1927,168.8643,30.63,96,0,2.44
20,Huilong,CN,2022-10-24 17:20:00,31.8111,121.655,61.93,59,95,8.61
21,Barrow,US,2022-10-24 17:20:00,71.2906,-156.7887,21.22,93,100,27.63
22,Iquitos,PE,2022-10-24 17:20:01,-3.7481,-73.2472,86.04,74,75,3.44
23,Taltal,CL,2022-10-24 17:20:01,-25.4,-70.4833,63.3,69,13,7.63
24,Kavaratti,IN,2022-10-24 17:20:01,10.5669,72.642,82.65,71,4,5.19
25,Popondetta,PG,2022-10-24 17:20:02,-8.7537,148.2534,73.29,90,25,2.95
26,Dalbandin,PK,2022-10-24 17:20:03,28.8947,64.4101,74.01,19,0,3.44
27,Tasiilaq,GL,2022-10-24 17:20:03,65.6145,-37.6368,35.76,98,100,16.75
28,Dikson,RU,2022-10-24 17:20:03,73.5069,80.5464,27.52,82,100,18.59
29,Kapaa,US,2022-10-24 17:20:04,22.0752,-159.319,79.12,86,100,12.66
30,Titusville,US,2022-10-24 17:15:47,28.6122,-80.8075,84.29,61,40,11.5
31,Hithadhoo,MV,2022-10-24 17:20:04,-0.6,73.0833,83.07,71,83,6.33
32,Port Augusta,AU,2022-10-24 17:19:44,-32.5,137.7667,58.78,82,90,6.15
33,Mount Isa,AU,2022-10-24 17:20:05,-20.7333,139.5,81.73,43,0,1.54
34,Rapar,IN,2022-10-24 17:20:06,23.5667,70.6333,83.3,26,0,5.99
35,Atuona,PF,2022-10-24 17:20:06,-9.8,-139.0333,76.51,63,0,16.53
36,Saskylakh,RU,2022-10-24 17:20:06,71.9167,114.0833,10.4,95,100,10.02
37,Rikitea,PF,2022-10-24 17:20:00,-23.1203,-134.9692,72.88,80,7,12.66
38,Baruun-Urt,MN,2022-10-24 17:20:09,46.6806,113.2792,41.34,34,0,8.37
39,Tuatapere,NZ,2022-10-24 17:20:10,-46.1333,167.6833,33.66,91,2,4.32
40,Pyaozerskiy,RU,2022-10-24 17:20:10,65.8333,31.1667,32.02,83,83,3.29
41,Camapua,BR,2022-10-24 17:20:11,-19.5314,-54.0439,92.57,36,0,0.92
42,Kailua,US,2022-10-24 17:20:11,21.4022,-157.7394,77.49,84,25,4.0
43,Baraboo,US,2022-10-24 17:20:12,43.4711,-89.7443,70.99,74,100,5.99
44,Bredasdorp,ZA,2022-10-24 17:20:12,-34.5322,20.0403,63.79,82,13,7.23
45,Butaritari,KI,2022-10-24 17:21:13,3.0707,172.7902,81.41,76,28,13.42
46,Port Alfred,ZA,2022-10-24 17:21:13,-33.5906,26.891,67.17,89,1,4.0
47,Mogadishu,SO,2022-10-24 17:20:33,2.0371,45.3438,78.8,83,7,15.39
48,Cabo San Lucas,MX,2022-10-24 17:16:41,22.8909,-109.9124,84.61,55,70,6.71
49,Sinnamary,GF,2022-10-24 17:21:14,5.3833,-52.95,86.18,68,100,11.41
50,Chuy,UY,2022-10-24 17:21:14,-33.6971,-53.4616,65.3,67,76,10.25
51,Cidreira,BR,2022-10-24 17:21:14,-30.1811,-50.2056,67.91,70,40,9.69
52,Chokurdakh,RU,2022-10-24 17:21:15,70.6333,147.9167,-7.4,91,27,4.79
53,Vaitape,PF,2022-10-24 17:21:15,-16.5167,-151.75,79.23,74,100,15.55
54,San Cristobal,VE,2022-10-24 17:21:15,7.7669,-72.225,75.54,75,92,6.24
55,Sharan,RU,2022-10-24 17:21:18,54.8167,54.0,37.31,96,100,19.04
56,Lagoa,PT,2022-10-24 17:21:18,39.05,-27.9833,62.56,61,98,13.76
57,Ukiah,US,2022-10-24 17:20:07,39.1502,-123.2078,62.65,45,69,2.33
58,Buy,RU,2022-10-24 17:21:19,58.4786,41.53,37.35,73,93,10.92
59,Souillac,MU,2022-10-24 17:21:20,-20.5167,57.5167,72.12,76,34,7.54
60,Meadow Lake,US,2022-10-24 17:21:20,34.8014,-106.5436,45.48,65,95,24.72
61,Clyde River,CA,2022-10-24 17:21:21,70.4692,-68.5914,12.6,80,98,6.87
62,Busselton,AU,2022-10-24 17:20:21,-33.65,115.3333,57.27,87,98,12.77
63,Hami,CN,2022-10-24 17:21:21,42.8,93.45,52.18,41,89,5.44
64,Mahebourg,MU,2022-10-24 17:21:22,-20.4081,57.7,73.26,73,11,8.48
65,Berea,US,2022-10-24 17:21:22,41.3662,-81.8543,75.18,40,0,9.22
66,Celendin,PE,2022-10-24 17:21:22,-6.8703,-78.1517,66.72,83,100,2.57
67,Laguna,US,2022-10-24 17:21:23,38.421,-121.4238,67.64,40,0,3.44
68,Banska Bystrica,SK,2022-10-24 17:21:23,48.5,19.5,54.64,92,100,0.56
69,Longkou,CN,2022-10-24 17:21:23,37.6508,120.3286,55.22,63,0,10.09
70,Khatanga,RU,2022-10-24 17:21:24,71.9667,102.5,-6.68,100,29,2.42
71,Sindor,RU,2022-10-24 17:21:24,62.8629,51.8905,30.76,95,100,6.76
72,Fukue,JP,2022-10-24 17:21:25,32.6881,128.8419,62.29,49,6,22.03
73,Coihaique,CL,2022-10-24 17:21:25,-45.5752,-72.0662,56.01,56,48,11.1
74,Ushibuka,JP,2022-10-24 17:21:25,32.1906,130.0228,61.79,51,2,18.59
75,Victoria,HK,2022-10-24 17:19:02,22.2855,114.1577,75.38,71,6,11.99
76,Upernavik,GL,2022-10-24 17:21:26,72.7868,-56.1549,27.82,88,100,5.93
77,Sylling,NO,2022-10-24 17:21:26,59.8952,10.2792,45.12,96,100,5.17
78,Vostok,RU,2022-10-24 17:21:27,46.4856,135.8833,25.68,76,0,4.65
79,Provideniya,RU,2022-10-24 17:21:27,64.3833,-173.3,23.95,84,49,6.71
80,New Norfolk,AU,2022-10-24 17:21:28,-42.7826,147.0587,53.1,88,100,2.13
81,Lebu,CL,2022-10-24 17:18:03,-37.6167,-73.65,58.14,74,83,8.99
82,Vestmannaeyjar,IS,2022-10-24 17:21:28,63.4427,-20.2734,45.59,81,75,23.02
83,Puerto Ayora,EC,2022-10-24 17:18:01,-0.7393,-90.3518,75.16,80,93,5.99
84,Longyearbyen,SJ,2022-10-24 17:21:29,78.2186,15.6401,22.84,63,75,11.5
85,Kargasok,RU,2022-10-24 17:21:29,59.0556,80.8572,32.5,68,89,16.87
86,Tari,NG,2022-10-24 17:21:30,12.4086,4.4914,91.06,28,76,8.66
87,Alpena,US,2022-10-24 17:21:30,45.0617,-83.4327,71.92,61,0,16.11
88,Vila Franca Do Campo,PT,2022-10-24 17:21:31,37.7167,-25.4333,66.2,67,25,8.88
89,Port Victoria,KE,2022-10-24 17:22:31,0.0939,33.9756,74.82,69,11,7.58
90,Shatrovo,RU,2022-10-24 17:22:32,56.5167,64.6333,36.48,62,98,16.84
91,Catuday,PH,2022-10-24 17:22:32,16.2923,119.8062,80.08,80,73,5.55
92,Kaitangata,NZ,2022-10-24 17:22:33,-46.2817,169.8464,34.7,89,4,2.01
93,Saldanha,ZA,2022-10-24 17:22:34,-33.0117,17.9442,61.66,87,94,23.42
94,Luderitz,NA,2022-10-24 17:22:34,-26.6481,15.1594,63.46,75,73,17.31
95,Sao Felix Do Xingu,BR,2022-10-24 17:22:34,-6.6447,-51.995,94.93,43,61,0.43
96,Puerto Colombia,CO,2022-10-24 17:22:35,10.9878,-74.9547,87.89,75,97,3.69
97,Faanui,PF,2022-10-24 17:22:35,-16.4833,-151.75,79.23,73,98,15.55
98,Cockburn Town,TC,2022-10-24 17:22:35,21.4612,-71.1419,81.97,70,99,5.84
99,Gornopravdinsk,RU,2022-10-24 17:22:36,60.05,69.9,35.17,67,100,13.18
100,Gillette,US,2022-10-24 17:20:09,44.2911,-105.5022,34.95,77,75,18.41
101,Sioux Lookout,CA,2022-10-24 17:22:36,50.1001,-91.917,61.56,86,100,14.81
102,Benguela,AO,2022-10-24 17:22:37,-12.5763,13.4055,77.18,81,70,10.16
103,Azul,AR,2022-10-24 17:21:59,-36.777,-59.8585,80.82,31,48,10.83
104,Grand-Santi,GF,2022-10-24 17:22:37,4.25,-54.3833,98.74,31,94,4.54
105,Nichinan,JP,2022-10-24 17:22:38,31.6,131.3667,54.03,64,14,8.75
106,Nabire,ID,2022-10-24 17:22:40,-3.3667,135.4833,76.24,91,100,3.4
107,Maxixe,MZ,2022-10-24 17:22:40,-23.8597,35.3472,76.89,83,71,12.03
108,Vestmanna,FO,2022-10-24 17:22:41,62.1564,-7.1664,50.92,76,75,13.8
109,Urucara,BR,2022-10-24 17:22:42,-2.5364,-57.76,95.16,41,87,4.12
110,Severo-Kurilsk,RU,2022-10-24 17:22:42,50.6789,156.125,37.42,69,82,8.16
111,Umm Lajj,SA,2022-10-24 17:22:42,25.0213,37.2685,80.67,57,1,13.94
112,Cervo,ES,2022-10-24 17:22:43,43.6702,-7.4101,61.97,73,100,4.81
113,Sitka,US,2022-10-24 17:22:44,57.0531,-135.33,42.69,75,75,5.75
114,Fonte Boa,BR,2022-10-24 17:22:44,-2.4959,-66.2662,90.07,57,88,1.72
115,Bengkulu,ID,2022-10-24 17:22:45,-3.8004,102.2655,75.34,91,100,2.01
116,Rocha,UY,2022-10-24 17:22:45,-34.4833,-54.3333,70.2,59,45,11.88
117,Saint George,US,2022-10-24 17:17:52,37.1041,-113.5841,51.44,40,0,4.61
118,Zhigansk,RU,2022-10-24 17:22:46,66.7697,123.3711,26.71,96,100,17.76
119,Chieti,IT,2022-10-24 17:22:46,42.3609,14.138,68.22,90,20,5.75
120,Marawi,PH,2022-10-24 17:22:46,7.9986,124.2928,68.77,94,100,2.66
121,Vaini,TO,2022-10-24 17:22:47,-21.2,-175.2,69.96,56,20,14.97
122,Gimbi,ET,2022-10-24 17:22:47,9.1667,35.8333,55.56,92,6,0.92
123,Hobart,AU,2022-10-24 17:19:45,-42.8794,147.3294,53.46,95,100,0.0
124,Steinbach,DE,2022-10-24 17:22:48,50.1667,8.5667,64.63,63,0,10.36
125,Palauig,PH,2022-10-24 17:22:49,15.435,119.9045,81.12,77,73,3.83
126,Mendi,PG,2022-10-24 17:22:49,-6.1761,143.6513,56.52,98,95,1.63
127,Qaanaaq,GL,2022-10-24 17:22:51,77.484,-69.3632,15.46,86,88,7.52
128,Sambava,MG,2022-10-24 17:22:51,-14.2667,50.1667,71.69,79,1,4.25
129,Agadir,MA,2022-10-24 17:22:51,30.4202,-9.5982,100.85,28,100,0.49
130,Belyy Yar,RU,2022-10-24 17:22:52,53.6039,91.3903,26.49,80,0,6.71
131,Carutapera,BR,2022-10-24 17:22:53,-1.195,-46.02,86.83,61,64,10.09
132,Solana Beach,US,2022-10-24 17:22:55,32.9912,-117.2711,74.08,42,0,3.0
133,Otane,NZ,2022-10-24 17:22:55,-39.8833,176.6333,50.02,82,100,5.75
134,Gizo,SB,2022-10-24 17:22:58,-8.103,156.8419,82.0,73,30,2.08
135,Dong Hoi,VN,2022-10-24 17:23:58,17.4833,106.6,75.22,94,86,5.7
136,Port Elizabeth,ZA,2022-10-24 17:24:00,-33.918,25.5701,72.1,87,1,9.82
137,Esperance,AU,2022-10-24 17:24:00,-33.8667,121.9,56.5,88,84,12.28
138,Nambucca Heads,AU,2022-10-24 17:24:00,-30.65,153.0,68.0,90,16,3.69
139,Whyalla,AU,2022-10-24 17:24:01,-33.0333,137.5833,57.74,84,21,10.56
140,Arraial Do Cabo,BR,2022-10-24 17:24:02,-22.9661,-42.0278,72.88,78,20,13.31
141,Hamilton,US,2022-10-24 17:24:03,39.1834,-84.5333,77.43,39,0,12.66
142,Eyl,SO,2022-10-24 17:24:03,7.9803,49.8164,80.22,75,56,7.81
143,Hilo,US,2022-10-24 17:24:03,19.7297,-155.09,77.61,81,40,6.91
144,Namatanai,PG,2022-10-24 17:24:04,-3.6667,152.4333,79.63,78,71,3.0
145,Seoul,KR,2022-10-24 17:24:04,37.5683,126.9778,47.64,61,5,4.16
146,Irbeyskoye,RU,2022-10-24 17:24:05,55.6428,95.4522,33.03,55,21,13.18
147,Tual,ID,2022-10-24 17:24:05,-5.6667,132.75,83.14,74,100,5.82
148,Lompoc,US,2022-10-24 17:24:05,34.6391,-120.4579,71.85,47,0,4.61
149,Richards Bay,ZA,2022-10-24 17:24:06,-28.783,32.0377,72.09,90,68,1.72
150,Oktyabrskiy,RU,2022-10-24 17:24:06,54.4815,53.471,38.25,96,100,16.67
151,Palmer,US,2022-10-24 17:23:13,42.1584,-72.3287,56.77,85,100,3.44
152,Havelock,US,2022-10-24 17:24:07,34.8791,-76.9013,64.98,84,100,9.22
153,Hervey Bay,AU,2022-10-24 17:24:07,-25.2986,152.8535,71.02,83,92,11.99
154,Brae,GB,2022-10-24 17:24:07,60.3964,-1.353,51.62,90,100,20.62
155,Saint Anthony,US,2022-10-24 17:24:08,45.0205,-93.218,58.14,63,0,14.97
156,Kahului,US,2022-10-24 17:24:09,20.8947,-156.47,80.83,68,20,6.91
157,Carnarvon,AU,2022-10-24 17:24:10,-24.8667,113.6333,65.64,63,0,23.94
158,Siderno,IT,2022-10-24 17:24:10,38.2779,16.302,69.33,65,3,11.65
159,Weligama,LK,2022-10-24 17:24:11,5.9667,80.4167,77.04,89,100,6.73
160,Galesong,ID,2022-10-24 17:24:11,-5.3166,119.3661,77.02,80,77,3.42
161,Tuktoyaktuk,CA,2022-10-24 17:24:11,69.4541,-133.0374,10.87,93,18,2.06
162,Bethel,US,2022-10-24 17:24:12,41.3712,-73.414,59.09,88,100,8.05
163,Xai-Xai,MZ,2022-10-24 17:24:12,-25.0519,33.6442,76.78,79,97,15.35
164,Quatre Cocos,MU,2022-10-24 17:24:12,-20.2078,57.7625,73.09,72,9,8.75
165,Ahipara,NZ,2022-10-24 17:24:13,-35.1667,173.1667,52.88,85,96,6.31
166,The Valley,AI,2022-10-24 17:24:13,18.217,-63.0578,87.82,76,49,10.71
167,Husavik,IS,2022-10-24 17:24:14,66.0449,-17.3389,30.04,76,66,9.91
168,Neiafu,TO,2022-10-24 17:24:15,-18.65,-173.9833,72.28,78,40,8.05
169,Cherskiy,RU,2022-10-24 17:24:16,68.75,161.3,-3.78,97,90,8.72
170,Horasan,TR,2022-10-24 17:24:17,40.0458,42.1728,47.62,55,29,3.49
171,Bubaque,GW,2022-10-24 17:24:17,11.2833,-15.8333,81.5,72,100,7.78
172,Lorengau,PG,2022-10-24 17:24:18,-2.0226,147.2712,80.65,72,82,2.86
173,Lata,PT,2022-10-24 17:24:19,40.1629,-8.3327,65.91,79,100,4.12
174,Kieta,PG,2022-10-24 17:24:19,-6.2167,155.6333,78.76,85,74,1.16
175,Sistranda,NO,2022-10-24 17:24:19,63.7256,8.834,44.56,72,2,11.27
176,Koungou,YT,2022-10-24 17:24:20,-12.7336,45.2042,78.51,78,20,4.61
177,Avarua,CK,2022-10-24 17:24:20,-21.2078,-159.775,77.05,83,100,14.97
178,Dabola,GN,2022-10-24 17:24:21,10.75,-11.1167,80.33,82,81,1.01
179,Humaita,BR,2022-10-24 17:24:02,-7.5061,-63.0208,96.85,40,59,1.59
180,General Roca,AR,2022-10-24 17:21:13,-39.0333,-67.5833,80.62,16,98,12.8
181,Mirnyy,RU,2022-10-24 17:25:22,62.5353,113.9611,26.24,73,100,8.99
182,Marathon,US,2022-10-24 17:25:22,44.9,-89.7668,65.44,82,75,14.97
183,Teguldet,RU,2022-10-24 17:25:22,57.3064,88.1667,31.5,72,98,14.16
184,Labuan,MY,2022-10-24 17:25:23,5.2767,115.2417,81.54,76,100,1.21
185,Abu Dhabi,AE,2022-10-24 17:24:15,24.4667,54.3667,86.02,69,0,8.05
186,Lanzhou,CN,2022-10-24 17:25:01,36.0564,103.7922,57.51,70,98,3.65
187,Sungaipenuh,ID,2022-10-24 17:25:24,-2.0833,101.3833,66.16,96,100,0.78
188,Bunda,TZ,2022-10-24 17:25:27,-2.05,33.8667,74.01,65,28,7.65
189,Maniitsoq,GL,2022-10-24 17:25:27,65.4167,-52.9,34.52,83,99,2.8
190,Ancud,CL,2022-10-24 17:25:28,-41.8697,-73.8203,52.36,96,99,14.47
191,Tessalit,ML,2022-10-24 17:25:28,20.1986,1.0114,87.66,11,39,8.57
192,Salalah,OM,2022-10-24 17:25:30,17.0151,54.0924,82.49,69,20,3.44
193,Hasaki,JP,2022-10-24 17:25:30,35.7333,140.8333,54.21,66,100,22.44
194,Launceston,AU,2022-10-24 17:20:35,-41.45,147.1667,60.33,89,100,13.8
195,Kasempa,ZM,2022-10-24 17:25:31,-13.4584,25.8338,75.42,43,64,10.02
196,Xichang,CN,2022-10-24 17:25:31,27.8964,102.2634,62.4,96,100,1.39
197,Dingle,PH,2022-10-24 17:25:31,10.9995,122.6711,76.44,91,95,4.23
198,Rawson,AR,2022-10-24 17:20:58,-43.3002,-65.1023,72.48,28,54,14.97
199,Tiksi,RU,2022-10-24 17:25:32,71.6872,128.8694,17.04,89,100,7.81
200,Asau,RO,2022-10-24 17:25:33,46.4333,26.4,60.28,78,59,6.02
201,Mukdahan,TH,2022-10-24 17:25:33,16.5833,104.5,71.44,77,9,6.71
202,Belmonte,BR,2022-10-24 17:25:34,-15.8631,-38.8828,77.94,77,98,5.59
203,Kodiak,US,2022-10-24 17:25:34,57.79,-152.4072,45.91,66,40,18.41
204,Imbituba,BR,2022-10-24 17:25:35,-28.24,-48.6703,68.18,71,70,9.91
205,Nanortalik,GL,2022-10-24 17:25:35,60.1432,-45.2371,34.56,85,54,14.0
206,Gorom-Gorom,BF,2022-10-24 17:25:35,14.4439,-0.2361,96.1,12,19,11.3
207,Mar Del Plata,AR,2022-10-24 17:25:36,-38.0023,-57.5575,68.02,85,0,21.0
208,Saint-Philippe,RE,2022-10-24 17:25:36,-21.3585,55.7679,72.99,84,63,10.83
209,Castro,BR,2022-10-24 17:23:10,-24.7911,-50.0119,76.78,47,29,6.62
210,Hambantota,LK,2022-10-24 17:25:36,6.1241,81.1185,79.09,81,70,14.56
211,Luanda,AO,2022-10-24 17:25:37,-8.8368,13.2343,78.8,83,75,9.22
212,Saint-Francois,FR,2022-10-24 17:25:37,46.4154,3.9054,65.64,59,0,4.61
213,Nizwa,OM,2022-10-24 17:25:37,22.9333,57.5333,80.46,27,0,2.89
214,Ardmore,US,2022-10-24 17:22:22,34.1743,-97.1436,57.45,94,100,16.11
215,Brawley,US,2022-10-24 17:22:01,32.9787,-115.5303,71.85,16,0,9.22
216,Geraldton,AU,2022-10-24 17:25:38,-28.7667,114.6,63.18,62,24,17.29
217,Conde,BR,2022-10-24 17:25:38,-7.2597,-34.9075,82.9,61,56,14.41
218,Thompson,CA,2022-10-24 17:25:39,55.7435,-97.8558,28.56,93,100,18.41
219,Bolgatanga,GH,2022-10-24 17:25:39,10.7856,-0.8514,91.72,29,33,5.61
220,Codrington,AU,2022-10-24 17:25:39,-38.2667,141.9667,56.89,98,100,5.19
221,Kalmunai,LK,2022-10-24 17:25:40,7.4167,81.8167,80.02,79,99,4.99
222,Padre Paraiso,BR,2022-10-24 17:25:40,-17.0742,-41.4844,73.92,76,100,4.36
223,Maceio,BR,2022-10-24 17:24:26,-9.6658,-35.7353,81.34,71,62,14.0
224,Bonavista,CA,2022-10-24 17:25:40,48.6499,-53.1147,52.02,68,100,10.49
225,Saint-Louis,SN,2022-10-24 17:25:41,16.3333,-15.0,97.16,28,89,7.05
226,Ketou,BJ,2022-10-24 17:25:41,7.3633,2.5998,84.9,69,84,3.09
227,Bo Rai,TH,2022-10-24 17:25:41,12.5728,102.5371,83.73,78,95,2.55
228,Dakar,SN,2022-10-24 17:21:33,14.6937,-17.4441,85.08,75,100,6.82
229,Kalabo,ZM,2022-10-24 17:25:42,-14.97,22.6814,79.23,41,75,7.87
230,Batagay,RU,2022-10-24 17:26:42,67.6333,134.6333,10.31,94,100,6.98
231,Maltahohe,NA,2022-10-24 17:26:43,-24.8333,16.9833,83.95,9,28,24.79
232,Shingu,JP,2022-10-24 17:26:43,33.7333,135.9833,52.29,81,29,6.42
233,Kearney,US,2022-10-24 17:23:11,40.6995,-99.0815,48.76,44,0,16.11
234,Davila,PH,2022-10-24 17:26:44,18.4726,120.5763,79.45,85,95,28.92
235,Zaysan,KZ,2022-10-24 17:26:44,47.4667,84.8667,31.75,65,13,3.27
236,Krasne,UA,2022-10-24 17:26:45,49.9145,24.6134,55.9,83,100,6.08
237,Orlik,RU,2022-10-24 17:26:45,52.5178,99.825,17.38,75,44,4.07
238,Oussouye,SN,2022-10-24 17:26:47,12.485,-16.5469,82.96,69,100,6.26
239,Klaksvik,FO,2022-10-24 17:26:47,62.2266,-6.589,52.72,98,100,15.84
240,Los Llanos De Aridane,ES,2022-10-24 17:26:48,28.6585,-17.9182,71.35,79,20,3.0
241,Victor Harbor,AU,2022-10-24 17:26:48,-35.5667,138.6167,57.0,93,100,7.83
242,Khasan,RU,2022-10-24 17:26:48,42.4308,130.6434,39.72,56,1,6.2
243,Chibombo,ZM,2022-10-24 17:26:49,-14.6569,28.0706,83.01,22,88,5.64
244,Aksarka,RU,2022-10-24 17:26:49,66.5606,67.7975,24.39,96,78,3.2
245,Mikhaylovka,RU,2022-10-24 17:26:49,50.06,43.2379,49.78,87,100,14.65
246,Mehamn,NO,2022-10-24 17:26:50,71.0357,27.8492,33.75,75,75,9.22
247,Norman Wells,CA,2022-10-24 17:22:54,65.282,-126.8329,15.73,92,94,4.61
248,Yarkovo,RU,2022-10-24 17:26:50,57.4028,67.0786,36.01,50,98,14.52
249,Te Anau,NZ,2022-10-24 17:25:06,-45.4167,167.7167,31.89,95,15,1.54
250,Tashtagol,RU,2022-10-24 17:26:51,52.7657,87.8894,26.35,85,11,2.19
251,Illela,NG,2022-10-24 17:26:51,13.7292,5.2975,93.72,19,2,11.27
252,Alta Floresta,BR,2022-10-24 17:26:51,-9.8756,-56.0861,91.96,46,52,1.21
253,Deolali,IN,2022-10-24 17:26:52,19.95,73.8333,67.32,60,0,2.37
254,Pisco,PE,2022-10-24 17:26:52,-13.7,-76.2167,67.01,77,0,9.22
255,Solano,US,2022-10-24 17:26:52,38.2333,-121.9511,68.11,29,0,6.91
256,Cam Ranh,VN,2022-10-24 17:26:53,11.9214,109.1591,80.56,83,40,4.61
257,Kulhudhuffushi,MV,2022-10-24 17:26:53,6.6221,73.07,81.01,83,100,14.14
258,Kjollefjord,NO,2022-10-24 17:26:54,70.9457,27.3465,33.85,75,75,9.22
259,Kahna Nau,PK,2022-10-24 17:26:54,31.3692,74.3653,72.1,28,0,3.49
260,Grand Gaube,MU,2022-10-24 17:26:57,-20.0064,57.6608,73.38,69,10,1.01
261,Serafimovich,RU,2022-10-24 17:26:57,49.5786,42.736,49.62,85,100,13.98
262,Lixourion,GR,2022-10-24 17:26:58,38.2019,20.4314,73.4,53,0,5.75
263,Ixtapa,MX,2022-10-24 17:26:58,20.7,-105.2,85.23,72,55,3.0
264,Trincomalee,LK,2022-10-24 17:26:59,8.5711,81.2335,78.73,83,92,10.54
265,San Carlos De Bariloche,AR,2022-10-24 17:26:51,-41.1456,-71.3082,58.75,36,20,24.16
266,Warrington,GB,2022-10-24 17:25:16,53.3925,-2.5802,58.32,84,40,13.8
267,Margate,GB,2022-10-24 17:26:59,51.3813,1.3862,59.31,85,41,3.0
268,Pitimbu,BR,2022-10-24 17:24:15,-7.4706,-34.8086,81.81,69,46,13.09
269,Yidu,CN,2022-10-24 17:27:00,24.1614,115.1328,65.48,63,75,1.57
270,Cikampek,ID,2022-10-24 17:27:00,-6.4197,107.4558,78.73,83,100,2.86
271,Huoqiu,CN,2022-10-24 17:27:01,32.3394,116.2694,63.28,36,100,7.81
272,Punta De Bombon,PE,2022-10-24 17:28:01,-17.1717,-71.7931,64.8,71,73,8.55
273,Boueni,YT,2022-10-24 17:28:02,-12.9025,45.0761,78.78,74,68,5.68
274,Cajamarca,PE,2022-10-24 17:28:03,-7.1638,-78.5003,66.27,55,75,4.61
275,Bowen,AU,2022-10-24 17:28:03,-20.0167,148.2333,78.55,89,7,12.77
276,Am Timan,TD,2022-10-24 17:28:04,11.0297,20.2827,82.33,30,21,3.47
277,Bay Roberts,CA,2022-10-24 17:28:04,47.5999,-53.2648,60.06,61,100,4.0
278,Tandil,AR,2022-10-24 17:28:06,-37.3217,-59.1332,73.69,32,94,11.61
279,Samarai,PG,2022-10-24 17:26:23,-10.6167,150.6667,80.96,74,20,6.87
280,Bom Sucesso,BR,2022-10-24 17:28:06,-21.0331,-44.7581,83.5,38,87,2.3
281,Bukoba,TZ,2022-10-24 17:28:07,-1.3317,31.8122,71.46,63,6,3.85
282,Yar-Sale,RU,2022-10-24 17:28:07,66.8333,70.8333,24.06,98,54,3.71
283,Camacha,PT,2022-10-24 17:28:08,33.0833,-16.3333,69.22,64,20,16.11
284,Leningradskiy,RU,2022-10-24 17:28:09,69.3833,178.4167,7.57,94,89,6.11
285,Rivadavia,AR,2022-10-24 17:28:10,-33.1905,-68.4608,82.09,27,0,10.87
286,Airai,TL,2022-10-24 17:28:12,-8.9266,125.4092,62.69,91,100,1.39
287,Matagami,CA,2022-10-24 17:28:12,49.7502,-77.6328,62.64,56,14,10.36
288,Ponta Do Sol,PT,2022-10-24 17:28:13,32.6667,-17.1,75.83,79,100,10.42
289,Osakarovka,KZ,2022-10-24 17:28:13,50.565,72.5692,30.65,45,0,5.93
290,Porto Novo,BJ,2022-10-24 17:28:14,6.4965,2.6036,81.79,77,84,6.82
291,Mao,ES,2022-10-24 17:28:16,39.8885,4.2658,73.96,83,0,6.91
292,Torbay,CA,2022-10-24 17:28:16,47.6666,-52.7314,59.29,68,100,13.0
293,Cabrobo,BR,2022-10-24 17:28:17,-8.5142,-39.31,96.91,27,38,10.49
294,Zhanakorgan,KZ,2022-10-24 17:28:18,43.9098,67.2495,46.11,49,52,1.66
295,Lundazi,ZM,2022-10-24 17:28:18,-12.2929,33.1782,74.75,39,92,5.26
296,Talnakh,RU,2022-10-24 17:28:19,69.4865,88.3972,25.21,96,100,11.54
297,Srednekolymsk,RU,2022-10-24 17:23:47,67.45,153.6833,-12.66,98,36,3.83
298,Riyadh,SA,2022-10-24 17:28:20,24.6877,46.7219,82.54,14,0,5.21
299,Slave Lake,CA,2022-10-24 17:28:20,55.2834,-114.769,34.41,72,76,10.22
300,Aranos,NA,2022-10-24 17:28:21,-24.1333,19.1167,90.0,12,27,10.47
301,Bedesa,ET,2022-10-24 17:28:21,8.9,40.7833,67.73,58,84,1.23
302,Kenai,US,2022-10-24 17:28:21,60.5544,-151.2583,30.15,86,100,5.75
303,Portland,US,2022-10-24 17:27:33,45.5234,-122.6762,49.62,92,100,8.99
304,Lac Du Bonnet,CA,2022-10-24 17:28:22,50.2536,-96.0612,59.47,70,76,14.54
305,Borujerd,IR,2022-10-24 17:28:22,33.8973,48.7516,61.14,29,90,4.76
306,Synya,RU,2022-10-24 17:28:24,65.3718,58.0387,27.27,99,99,1.79
307,Harper,LR,2022-10-24 17:23:35,4.375,-7.7169,80.26,81,94,7.18
308,Lufilufi,WS,2022-10-24 17:28:24,-13.8745,-171.5986,76.78,84,94,11.01
309,Gat,IL,2022-10-24 17:24:53,31.61,34.7642,74.08,100,1,8.57
310,Eureka,US,2022-10-24 17:28:25,40.8021,-124.1637,55.2,82,84,1.99
311,Solvychegodsk,RU,2022-10-24 17:28:25,61.3305,46.9156,34.79,96,100,6.53
312,Zaozerne,UA,2022-10-24 17:28:26,45.1582,33.2787,57.83,73,98,4.36
313,Pacific Grove,US,2022-10-24 17:27:51,36.6177,-121.9166,65.39,55,0,5.01
314,Kropotkin,RU,2022-10-24 17:28:26,45.4375,40.5756,54.0,68,100,12.17
315,Miranda,CO,2022-10-24 17:29:27,3.2499,-76.2281,76.32,80,92,3.69
316,Ulladulla,AU,2022-10-24 17:29:27,-35.35,150.4667,65.3,98,100,6.64
317,Sirjan,IR,2022-10-24 17:29:28,29.452,55.6814,65.79,15,0,1.07
318,Touros,BR,2022-10-24 17:29:28,-5.1989,-35.4608,84.07,65,24,15.41
319,Barcelona,ES,2022-10-24 17:24:53,41.3888,2.159,79.54,55,0,12.66
320,Kudligi,IN,2022-10-24 17:29:29,14.9,76.3833,68.79,61,46,2.91
321,Seminole,US,2022-10-24 17:27:10,28.7086,-81.2081,84.29,64,75,8.05
322,Okha,RU,2022-10-24 17:29:29,53.5739,142.9478,30.67,93,90,8.21
323,Yatou,CN,2022-10-24 17:29:30,37.15,122.3833,49.91,52,0,1.16
324,Myaundzha,RU,2022-10-24 17:29:30,63.0494,147.1858,-12.46,99,26,1.41
325,Santa Isabel,BR,2022-10-24 17:29:31,-23.3156,-46.2214,78.06,59,24,13.35
326,Turukhansk,RU,2022-10-24 17:29:31,65.8167,87.9833,28.49,97,100,13.98
327,Sisimiut,GL,2022-10-24 17:29:32,66.9395,-53.6735,33.57,95,100,4.83
328,Katsuura,JP,2022-10-24 17:29:32,35.1333,140.3,55.36,87,100,20.56
329,Punto Fijo,VE,2022-10-24 17:29:33,11.6956,-70.1996,87.71,61,83,15.68
330,Pochutla,MX,2022-10-24 17:29:34,15.7432,-96.4661,88.83,66,66,5.01
331,Sao Luis,BR,2022-10-24 17:29:34,-2.5297,-44.3028,83.59,70,73,15.57
332,Padang,ID,2022-10-24 17:29:35,-0.9492,100.3543,77.16,87,100,3.22
333,Inhambane,MZ,2022-10-24 17:29:35,-23.865,35.3833,77.27,83,76,12.75
334,Ambon,ID,2022-10-24 17:29:35,-3.6954,128.1814,77.14,88,20,4.61
335,Kunashak,RU,2022-10-24 17:29:36,55.7032,61.5498,37.92,70,100,17.98
336,Mandera,KE,2022-10-24 17:29:37,3.9366,41.867,89.06,44,81,7.96
337,Port Washington,US,2022-10-24 17:29:37,40.8257,-73.6982,61.0,93,100,16.11
338,Katobu,ID,2022-10-24 17:29:37,-4.9408,122.5276,77.05,89,100,1.7
339,Kuito,AO,2022-10-24 17:27:08,-12.3833,16.9333,70.84,54,84,2.48
340,Mayumba,GA,2022-10-24 17:29:39,-3.432,10.6554,75.72,90,100,6.98
341,Harer,ET,2022-10-24 17:29:39,9.3094,42.1258,66.45,57,99,0.74
342,Yulara,AU,2022-10-24 17:29:39,-25.2406,130.9889,75.74,37,72,16.15
343,Elizabeth City,US,2022-10-24 17:29:40,36.2946,-76.2511,64.02,82,100,5.75
344,Buckeye,US,2022-10-24 17:26:28,33.3703,-112.5838,67.82,23,0,4.61
345,Wysokie Mazowieckie,PL,2022-10-24 17:29:41,52.9166,22.5171,52.0,89,96,5.23
346,Abu Samrah,SY,2022-10-24 17:29:43,35.3029,37.1841,72.01,40,0,7.14
347,Aksu,CN,2022-10-24 17:29:44,41.1231,80.2644,55.65,26,99,5.95
348,Constitucion,CL,2022-10-24 17:29:44,-35.3333,-72.4167,62.35,59,2,13.29
349,Nelson,NZ,2022-10-24 17:29:45,-41.2833,173.2833,48.06,82,100,5.5
350,Mount Gambier,AU,2022-10-24 17:29:45,-37.8333,140.7667,55.31,100,100,5.75
351,Vanimo,PG,2022-10-24 17:29:47,-2.6741,141.3028,77.2,87,99,0.92
352,Alofi,NU,2022-10-24 17:25:36,-19.0595,-169.9187,74.19,65,89,19.1
353,Kudahuvadhoo,MV,2022-10-24 17:29:48,2.6708,72.8944,82.11,80,13,10.87
354,Ovalle,CL,2022-10-24 17:29:48,-30.5983,-71.2003,80.58,23,17,7.58
355,Acapulco,MX,2022-10-24 17:29:17,16.8634,-99.8901,84.02,84,75,3.44
356,Flinders,AU,2022-10-24 17:29:48,-34.5833,150.8552,66.18,95,100,1.99
357,Piacabucu,BR,2022-10-24 17:29:49,-10.4056,-36.4344,82.83,66,80,14.43
358,Shimoda,JP,2022-10-24 17:29:49,34.6667,138.95,52.11,85,99,23.22
359,Kirakira,SB,2022-10-24 17:29:50,-10.4544,161.9205,78.13,84,26,4.27
360,Olafsvik,IS,2022-10-24 17:29:51,64.8945,-23.7142,42.66,74,100,10.98
361,Ola,RU,2022-10-24 17:29:51,59.5833,151.2833,17.58,72,9,4.16
362,Iraan,US,2022-10-24 17:29:53,30.914,-101.8979,74.14,44,59,8.01
363,Surt,LY,2022-10-24 17:30:53,31.2089,16.5887,72.14,65,0,7.0
364,Takoradi,GH,2022-10-24 17:30:54,4.8845,-1.7554,79.21,85,84,9.73
365,Tura,IN,2022-10-24 17:30:55,25.5198,90.2201,63.82,96,100,16.73
366,Iqaluit,CA,2022-10-24 17:30:56,63.7506,-68.5145,22.73,67,100,23.02
367,Matara,LK,2022-10-24 17:30:56,5.9485,80.5353,76.86,89,99,7.2
368,Joshimath,IN,2022-10-24 17:30:57,30.5667,79.5667,53.53,46,7,6.96
369,Outlook,CA,2022-10-24 17:30:58,51.5001,-107.0513,29.86,86,32,7.58
370,Tabas,IR,2022-10-24 17:30:58,33.5959,56.9244,75.16,20,45,2.15
371,Nelson Bay,AU,2022-10-24 17:30:59,-32.7167,152.15,63.09,98,78,5.01
372,Nanakuli,US,2022-10-24 17:30:59,21.3906,-158.1547,77.45,73,40,11.5
373,Kadoma,JP,2022-10-24 17:31:00,34.7333,135.5833,56.17,54,100,3.22
374,Saintes,FR,2022-10-24 17:31:00,45.6667,-0.75,64.18,81,41,5.66
375,Coihueco,CL,2022-10-24 17:31:00,-36.6167,-71.8333,66.94,42,0,6.91
376,Malatya,TR,2022-10-24 17:30:24,38.5,38.0,59.05,27,0,9.22
377,Taoudenni,ML,2022-10-24 17:31:01,22.6783,-3.9836,89.37,11,99,8.7
378,Labuhan,ID,2022-10-24 17:31:01,-6.8844,112.2051,77.95,88,100,3.38
379,Nigran,ES,2022-10-24 17:31:02,42.1415,-8.8066,66.04,71,100,4.0
380,Krasnoyarka,RU,2022-10-24 17:31:02,55.3333,73.1167,25.95,76,59,13.91
381,Xuddur,SO,2022-10-24 17:31:02,4.1213,43.8894,79.48,61,96,0.49
382,Zhuhai,CN,2022-10-24 17:29:40,22.2769,113.5678,77.86,78,20,20.71
383,Chulman,RU,2022-10-24 17:31:03,56.8479,124.9104,26.67,92,100,5.84
384,Omsukchan,RU,2022-10-24 17:31:04,62.5333,155.8,-6.41,99,10,6.08
385,Cap Malheureux,MU,2022-10-24 17:31:05,-19.9842,57.6142,73.47,70,10,3.0
386,Haines Junction,CA,2022-10-24 17:31:05,60.7522,-137.5108,27.5,76,100,4.09
387,Comodoro Rivadavia,AR,2022-10-24 17:31:05,-45.8667,-67.5,71.46,23,20,23.02
388,Namibe,AO,2022-10-24 17:31:06,-15.1961,12.1522,69.48,83,63,7.23
389,Salta,AR,2022-10-24 17:30:46,-24.7859,-65.4117,86.58,34,0,8.01
390,Chiang Khong,TH,2022-10-24 17:31:06,20.2613,100.4046,70.72,94,31,0.4
391,Muramvya,BI,2022-10-24 17:31:07,-3.2682,29.6079,65.59,59,77,1.74
392,Kaharlyk,UA,2022-10-24 17:31:07,49.8623,30.8282,52.92,81,92,6.04
393,Nchelenge,ZM,2022-10-24 17:31:08,-9.3451,28.734,79.9,51,92,6.69
394,Phalaborwa,ZA,2022-10-24 17:31:08,-23.943,31.1411,78.42,58,99,2.13
395,Jambi,ID,2022-10-24 17:31:09,-1.6,103.6167,73.35,99,100,2.68
396,Broken Hill,AU,2022-10-24 17:31:09,-31.95,141.4333,58.35,84,40,9.98
397,Rabaul,PG,2022-10-24 17:31:10,-4.1967,152.1721,79.11,77,54,5.14
398,Port Hedland,AU,2022-10-24 17:31:10,-20.3167,118.5667,74.52,65,5,20.38
399,Ovruch,UA,2022-10-24 17:31:11,51.3246,28.8035,52.86,88,100,4.7
400,Ostrovnoy,RU,2022-10-24 17:31:11,68.0531,39.5131,34.47,80,74,9.1
401,Diego De Almagro,CL,2022-10-24 17:31:11,-26.3667,-70.05,81.05,15,0,12.77
402,Crawley,GB,2022-10-24 17:30:08,51.113,-0.1831,60.26,87,20,5.75
403,Linden,GY,2022-10-24 17:31:12,6.0,-58.3,88.07,66,93,2.84
404,Santa Isabel Do Rio Negro,BR,2022-10-24 17:31:13,-0.4139,-65.0192,90.88,55,100,2.62
405,Giyani,ZA,2022-10-24 17:31:13,-23.3025,30.7187,76.84,56,99,1.03
406,Halifax,CA,2022-10-24 17:29:49,44.6453,-63.5724,60.48,77,100,5.01
407,Novozybkov,RU,2022-10-24 17:31:16,52.5396,31.9275,50.58,81,100,1.19
408,Lakes Entrance,AU,2022-10-24 17:31:16,-37.8811,147.981,62.17,98,100,16.22
409,Antalaha,MG,2022-10-24 17:31:17,-14.9003,50.2788,68.9,86,1,2.13
410,Hobyo,SO,2022-10-24 17:32:18,5.3505,48.5268,79.63,82,18,14.61
411,Valparaiso,CL,2022-10-24 17:32:18,-33.0393,-71.6273,68.23,78,0,13.8
412,Lensk,RU,2022-10-24 17:32:18,60.7253,114.9278,29.84,73,100,14.5
413,Yabelo,ET,2022-10-24 17:32:19,4.8833,38.0833,63.19,69,40,9.4
414,Vila,PT,2022-10-24 17:32:19,42.0304,-8.1588,52.7,91,95,4.21
415,Aqtobe,KZ,2022-10-24 17:32:20,50.2797,57.2072,43.43,56,100,12.35
416,Hanna,CA,2022-10-24 17:32:20,51.6334,-111.9018,28.85,94,29,11.99
417,College,US,2022-10-24 17:32:20,64.8569,-147.8028,23.32,85,40,3.44
418,Avera,US,2022-10-24 17:32:21,33.194,-82.5271,75.54,38,79,2.73
419,Nenjiang,CN,2022-10-24 17:32:21,49.1833,125.2167,35.08,47,65,13.02
420,Bourail,NC,2022-10-24 17:32:22,-21.5667,165.4833,70.57,86,45,5.21
421,Puerto Quijarro,BO,2022-10-24 17:32:23,-17.7833,-57.7667,98.22,29,92,4.27
422,Sisophon,KH,2022-10-24 17:32:23,13.5859,102.9737,76.37,79,89,5.75
423,Anadyr,RU,2022-10-24 17:32:24,64.75,177.4833,8.01,84,11,5.99
424,Batemans Bay,AU,2022-10-24 17:32:25,-35.7167,150.1833,65.1,99,100,4.34
425,Evensk,RU,2022-10-24 17:32:25,61.95,159.2333,14.56,86,99,8.12
426,Majene,ID,2022-10-24 17:32:26,-3.5403,118.9707,77.99,86,34,3.31
427,Tabou,CI,2022-10-24 17:32:27,4.423,-7.3528,78.96,84,72,7.25
428,Dawei,MM,2022-10-24 17:32:27,14.0833,98.2,75.94,93,99,3.13
429,Sao Joao Da Barra,BR,2022-10-24 17:32:28,-21.6403,-41.0511,75.4,75,92,10.49
430,Araouane,ML,2022-10-24 17:32:29,18.9048,-3.5265,86.83,11,43,10.36
431,Dunedin,NZ,2022-10-24 17:32:30,-45.8742,170.5036,37.8,78,5,1.01
432,Gazimurskiy Zavod,RU,2022-10-24 17:32:30,51.5461,118.3266,30.99,60,72,2.75
433,Broome,US,2022-10-24 17:32:31,42.2506,-75.833,61.66,92,100,0.0
434,Waipawa,NZ,2022-10-24 17:32:31,-41.4122,175.5153,45.75,69,100,8.63
435,Nome,US,2022-10-24 17:32:32,64.5011,-165.4064,30.27,86,40,6.91
436,Tecoanapa,MX,2022-10-24 17:32:33,16.5167,-98.75,84.99,72,72,7.9
437,Chimbote,PE,2022-10-24 17:32:34,-9.0853,-78.5783,67.06,71,85,9.75
438,Beloha,MG,2022-10-24 17:32:34,-25.1667,45.05,69.64,86,30,5.06
439,Partizanskoye,RU,2022-10-24 17:32:34,55.5006,94.39,30.97,58,28,14.9
440,Taunggyi,MM,2022-10-24 17:32:35,20.7833,97.0333,59.94,96,46,4.23
441,Qui Nhon,VN,2022-10-24 17:32:35,13.7667,109.2333,76.6,85,75,7.74
442,Ararat,AM,2022-10-24 17:32:35,39.8317,44.7049,55.71,44,14,2.04
443,Kavieng,PG,2022-10-24 17:32:36,-2.5744,150.7967,81.0,79,82,4.85
444,Kalmar,SE,2022-10-24 17:32:36,56.6616,16.3616,55.15,100,100,10.36
445,Terrace,CA,2022-10-24 17:32:38,54.5163,-128.6035,42.71,87,75,11.5
446,Cabedelo,BR,2022-10-24 17:32:38,-6.9811,-34.8339,81.5,71,38,14.43
447,Jesus Carranza,MX,2022-10-24 17:32:39,17.4333,-95.0333,85.62,68,97,10.58
448,San Patricio,US,2022-10-24 17:32:39,28.017,-97.5169,86.18,68,100,20.42
449,Stokmarknes,NO,2022-10-24 17:32:39,68.5646,14.9108,37.36,74,0,5.75
450,Husyatyn,UA,2022-10-24 17:32:40,49.0726,26.2141,54.27,70,100,5.5
451,Pevek,RU,2022-10-24 17:32:40,69.7008,170.3133,2.5,98,85,6.73
452,Muros,ES,2022-10-24 17:32:41,42.7762,-9.0603,64.69,87,100,17.78
453,San Ramon,US,2022-10-24 17:32:41,37.7799,-121.978,67.68,37,0,3.44
454,Akita,JP,2022-10-24 17:30:07,39.7167,140.1167,44.96,71,12,5.68
455,Leshukonskoye,RU,2022-10-24 17:33:42,64.8989,45.7622,31.48,83,68,10.31
456,Grindavik,IS,2022-10-24 17:33:42,63.8424,-22.4338,44.04,75,97,9.46
457,Gondar,ET,2022-10-24 17:33:43,12.6,37.4667,56.91,86,22,3.4
458,Moron,AR,2022-10-24 17:33:43,-34.6534,-58.6198,79.02,53,0,8.16
459,Weihai,CN,2022-10-24 17:33:43,37.5017,122.1136,52.63,51,0,7.14
460,Santa Rosa,PH,2022-10-24 17:33:45,14.3122,121.1114,82.11,82,61,6.71
461,Yekaterinovka,RU,2022-10-24 17:33:45,52.0508,44.3451,43.92,90,100,12.28
462,Kushmurun,KZ,2022-10-24 17:33:45,52.4503,64.6311,30.81,59,8,13.33
463,Doctor Mora,MX,2022-10-24 17:33:46,21.1417,-100.3125,75.56,40,61,10.78
464,Maroantsetra,MG,2022-10-24 17:33:46,-15.4333,49.7333,72.3,80,14,4.12
465,Makakilo City,US,2022-10-24 17:33:47,21.3469,-158.0858,76.01,81,40,11.5
466,Vardo,NO,2022-10-24 17:33:47,70.3705,31.1107,37.38,56,0,13.8
467,Guzelyurt,TR,2022-10-24 17:33:47,38.2772,34.3719,48.9,47,0,2.48
468,Lander,US,2022-10-24 17:33:48,42.833,-108.7307,40.01,54,0,5.75
469,Moose Factory,CA,2022-10-24 17:33:48,51.2585,-80.6094,61.47,68,80,11.23
470,Lishu,CN,2022-10-24 17:33:50,43.3047,124.3278,37.26,48,0,7.83
471,Alphen,NL,2022-10-24 17:33:50,51.8233,5.4708,60.03,88,34,10.76
472,Changji,CN,2022-10-24 17:33:51,44.0167,87.3167,43.93,46,59,6.62
473,Perth,AU,2022-10-24 17:33:51,-31.9333,115.8333,59.86,89,14,12.06
474,Hanzhong,CN,2022-10-24 17:33:52,33.0728,107.0303,59.52,71,100,1.39
475,Mollendo,PE,2022-10-24 17:33:53,-17.0231,-72.0147,66.43,69,74,9.48
476,Ilulissat,GL,2022-10-24 17:33:53,69.2167,-51.1,32.02,74,75,0.0
477,Sibolga,ID,2022-10-24 17:33:54,1.7427,98.7792,77.23,89,100,2.71
478,Krasnoselkup,RU,2022-10-24 17:33:54,65.7,82.4667,30.36,89,100,15.55
479,Rio Gallegos,AR,2022-10-24 17:33:55,-51.6226,-69.2181,60.85,23,75,18.41
480,Sebeta,ET,2022-10-24 17:33:55,8.9167,38.6167,56.5,67,41,5.84
481,Kaliua,TZ,2022-10-24 17:33:55,-5.0606,31.7936,84.2,21,96,1.57
482,Sarakhs,IR,2022-10-24 17:33:56,36.5449,61.1577,61.52,45,0,6.53
483,Zelenoborskiy,RU,2022-10-24 17:33:56,66.845,32.3622,33.67,83,81,4.9
484,Nouakchott,MR,2022-10-24 17:33:56,18.0858,-15.9785,78.76,76,1,10.92
485,Mbandaka,CD,2022-10-24 17:31:24,0.0487,18.2603,76.86,83,88,5.91
486,Jiangyou,CN,2022-10-24 17:33:57,31.7667,104.7167,59.67,91,100,4.7
487,Port Shepstone,ZA,2022-10-24 17:33:57,-30.7414,30.455,70.93,89,89,7.34
488,Great Falls,US,2022-10-24 17:33:59,47.5002,-111.3008,42.17,72,0,19.57
489,Bardiyah,LY,2022-10-24 17:34:01,31.7561,25.0865,70.84,79,0,10.87
490,Hit,IQ,2022-10-24 17:34:01,33.6416,42.8251,76.55,30,93,9.28
491,Yumen,CN,2022-10-24 17:34:02,40.2833,97.2,43.72,40,0,9.31
492,Sergeyevka,KZ,2022-10-24 17:34:02,53.88,67.4158,30.43,69,22,15.32
493,Hofn,IS,2022-10-24 17:34:03,64.2539,-15.2082,41.5,84,94,11.43
494,Itoman,JP,2022-10-24 17:34:04,26.1247,127.6694,70.18,63,100,20.04
495,Shelburne,CA,2022-10-24 17:34:02,44.0787,-80.2041,69.6,34,0,10.78
496,Kazerun,IR,2022-10-24 17:34:05,29.6195,51.6541,71.26,46,5,2.33
497,Dolores,AR,2022-10-24 17:30:02,-36.3132,-57.6792,74.89,42,5,15.28
498,Sabya,SA,2022-10-24 17:35:05,17.1495,42.6254,86.77,64,1,3.53
499,Haapiti,PF,2022-10-24 17:35:06,-17.5667,-149.8667,78.26,76,50,15.01
500,Mont-Dore,NC,2022-10-24 17:35:07,-22.2833,166.5833,75.18,86,34,8.68
501,Mandan,US,2022-10-24 17:35:07,46.8267,-100.8896,35.58,89,20,29.93
502,Narsaq,GL,2022-10-24 17:35:09,60.9167,-46.05,34.02,94,99,1.16
503,Minot,US,2022-10-24 17:30:21,48.2325,-101.2963,34.02,93,100,23.02
504,Bambanglipuro,ID,2022-10-24 17:35:09,-7.95,110.2833,76.44,88,100,0.56
505,Weymouth,US,2022-10-24 17:35:10,42.2209,-70.9398,59.9,93,100,6.91
506,Madang,PG,2022-10-24 17:35:10,-5.2246,145.7966,75.47,87,90,3.44
507,Dimona,IL,2022-10-24 17:35:11,31.0667,35.0333,66.9,70,1,13.22
508,Beringovskiy,RU,2022-10-24 17:35:11,63.05,179.3167,24.37,73,40,0.81
509,Kostomuksha,RU,2022-10-24 17:35:13,64.571,30.5767,29.21,93,63,2.55
510,Port Hardy,CA,2022-10-24 17:35:13,50.6996,-127.4199,50.02,82,100,15.64
511,De-Kastri,RU,2022-10-24 17:35:14,51.4667,140.7833,30.58,84,7,4.34
512,Salinopolis,BR,2022-10-24 17:35:14,-0.6136,-47.3561,84.65,65,43,13.09
513,Sorland,NO,2022-10-24 17:35:15,67.667,12.6934,40.86,64,87,21.94
514,Golkoy,TR,2022-10-24 17:35:15,40.6875,37.6178,49.41,95,68,0.87
515,Aljezur,PT,2022-10-24 17:35:15,37.3191,-8.8033,67.39,88,100,6.71
516,Angoche,MZ,2022-10-24 17:35:16,-16.2325,39.9086,77.83,78,0,16.89
517,Baoqing,CN,2022-10-24 17:35:16,46.3317,132.2111,32.47,57,0,6.33
518,Aden,YE,2022-10-24 17:35:17,12.7794,45.0367,83.86,57,1,10.74
519,Micomeseng,GQ,2022-10-24 17:35:17,2.1462,10.6164,70.34,98,100,1.3
520,North Battleford,CA,2022-10-24 17:31:30,52.7834,-108.2847,32.4,54,12,3.98
521,Praia Da Vitoria,PT,2022-10-24 17:35:18,38.7333,-27.0667,65.75,70,40,14.43
522,Gedo,ET,2022-10-24 17:35:18,9.0167,37.45,52.14,83,27,3.31
523,Fare,PF,2022-10-24 17:35:19,-16.7,-151.0167,79.14,70,74,13.91
524,Ugoofaaru,MV,2022-10-24 17:35:19,5.6667,73.0,80.89,83,99,12.71
525,Gadung,PH,2022-10-24 17:35:19,6.8025,124.02,78.69,83,100,2.86
526,Tripoli,LY,2022-10-24 17:35:20,32.8752,13.1875,76.55,46,0,6.53
527,Santona,ES,2022-10-24 17:35:20,43.4439,-3.4576,72.7,66,100,2.17
528,Ouallam,NE,2022-10-24 17:35:21,14.3188,2.0866,93.27,16,21,8.77
529,Saint-Augustin,CA,2022-10-24 17:35:21,51.226,-58.6502,56.12,51,86,8.88
530,Luan,CH,2022-10-24 17:35:22,46.3592,6.9759,49.57,90,99,1.99
531,Sayhat,SA,2022-10-24 17:35:22,26.4852,50.0405,84.4,49,0,5.48
532,Berlevag,NO,2022-10-24 17:35:22,70.8578,29.0864,33.8,74,0,4.61
533,Portobelo,PA,2022-10-24 17:35:23,9.55,-79.65,83.05,79,100,3.78
534,Havre-Saint-Pierre,CA,2022-10-24 17:35:23,50.2334,-63.5986,51.08,75,100,3.38
535,Vila Velha,BR,2022-10-24 17:31:26,-20.3297,-40.2925,76.95,85,100,5.01
536,Marzuq,YE,2022-10-24 17:35:24,14.4,46.4667,71.06,71,29,5.64
537,Ler,SS,2022-10-24 17:35:24,8.3018,30.1418,73.58,79,12,4.09
538,Saint Pete Beach,US,2022-10-24 17:35:24,27.7253,-82.7412,86.25,69,0,5.01
539,Korla,CN,2022-10-24 17:35:26,41.7597,86.1469,52.77,36,2,9.37
540,Isangel,VU,2022-10-24 17:35:26,-19.55,169.2667,72.16,82,100,16.2
541,Rio Bueno,CL,2022-10-24 17:36:27,-40.3167,-72.9667,60.12,71,100,4.36
542,Helong,CN,2022-10-24 17:36:27,42.5397,128.9972,30.42,64,2,3.69
543,Ribnitz-Damgarten,DE,2022-10-24 17:34:46,54.25,12.4667,61.12,100,58,13.62
544,Dwarka,IN,2022-10-24 17:36:28,22.2394,68.9678,81.16,67,0,10.76
545,Guerrero Negro,MX,2022-10-24 17:36:28,27.9769,-114.0611,70.52,51,0,7.96
546,Kruisfontein,ZA,2022-10-24 17:36:29,-34.0033,24.7314,63.25,94,12,6.76
547,Zyukayka,RU,2022-10-24 17:36:29,58.2025,54.7003,34.52,97,100,10.58
548,Zomin,UZ,2022-10-24 17:36:29,39.9606,68.3958,51.8,93,82,1.39
549,Gayny,RU,2022-10-24 17:36:30,60.3071,54.3241,29.98,91,87,7.61
550,Urdoma,RU,2022-10-24 17:36:30,61.7533,48.5442,32.61,89,99,6.24
551,Cutro,IT,2022-10-24 17:36:30,39.0353,16.9819,67.6,56,23,4.23
552,Hanover,DE,2022-10-24 17:32:59,52.3705,9.7332,62.2,75,0,10.36
553,Peniche,PT,2022-10-24 17:36:31,39.3558,-9.3811,68.29,81,100,9.51
554,Nizhniy Baskunchak,RU,2022-10-24 17:36:32,48.2198,46.8311,50.61,93,100,15.7
555,Tautira,PF,2022-10-24 17:36:33,-17.7333,-149.15,78.21,79,65,15.48
556,Tucuma,BR,2022-10-24 17:36:21,-0.1833,-50.05,89.58,51,65,6.71
557,Burdur,TR,2022-10-24 17:36:35,37.7203,30.2908,59.7,41,0,8.05
558,Asifabad,IN,2022-10-24 17:34:51,19.3667,79.2833,66.63,70,0,3.18
559,Kichha,IN,2022-10-24 17:36:36,28.9167,79.5,65.26,62,0,6.82
